source_record_id,age_given,age_exp,klass_given,klass_exp,race_ethnicity_given,race_ethnicity_exp,religion_given,religion_exp,disability_given,disability_exp,neurodiversity_given,neurodiversity_exp,gender_given,gender_exp,lgbtqia_given,lgbtqia_exp,pronouns_given,pronouns_exp,pronouns_feel,affinity,notes
0,Iste porro laudantium qui.,Autem consequatur totam magni.,Sit distinctio quod officia.,Qui nulla et sapiente.,Accusamus aut voluptatem repellat.,Quam et odio quae.,Qui minus sapiente dolorum.,Inventore ut et voluptatibus.,Id non optio a.,Nisi quibusdam eaque tempora.,Deleniti consequatur libero aut.,Animi sunt quis non.,Aut a deleniti quo.,Mollitia id fuga eaque.,Est incidunt harum reprehenderit.,Et dolorem voluptatem incidunt.,Non quos possimus excepturi.,Saepe ut pariatur in.,Nobis tempore non porro.,Iure totam numquam aliquam.,Voluptatum qui dolore in.
1,Veniam expedita eos omnis.,Quae necessitatibus consequatur adipisci.,Dolorem rerum magnam nobis.,Ut asperiores accusantium magni.,Soluta saepe earum iure.,Non et fugiat saepe.,Reprehenderit delectus ut neque.,Voluptatem adipisci ea ut.,Animi sunt dolores labore.,Hic distinctio quidem quia.,At assumenda aut sint.,Natus animi dolores soluta.,Occaecati labore sed illo.,Eos qui dolor est.,Cupiditate ut sint quod.,Facere ea rem magni.,Sint omnis vel vero.,Beatae officiis quidem est.,Corrupti iure velit placeat.,Tempore et excepturi aut.,Et accusantium esse voluptates.
2,Facilis et quae officiis.,Nihil ipsa rem illo.,Maxime illum neque beatae.,Architecto sit quia sed.,Reiciendis perspiciatis dolor debitis.,Magni animi nam maiores.,Dignissimos quasi quisquam fugiat.,Reiciendis labore ut tenetur.,Inventore sapiente vel cumque.,Iusto ut excepturi quas.,Quos ea commodi ad.,Enim deleniti aut sapiente.,Et sed laborum et.,Qui laudantium possimus consequuntur.,Dolore perferendis et eaque.,Voluptatem impedit veritatis qui.,Ducimus fugiat ea corrupti.,Maiores eum odit impedit.,Ea quasi dolorem quos.,Enim rerum fugit omnis.,Eligendi voluptates qui aut.
3,Nobis optio dolores temporibus.,Consequatur vel explicabo nisi.,Eveniet explicabo temporibus dolores.,Et ab tempora perspiciatis.,Voluptate et odit dolorem.,Asperiores dicta ad ipsum.,Qui earum alias tenetur.,Vel ab sequi tempora.,Dolorem qui enim nihil.,Optio veritatis ullam animi.,Omnis tenetur sed quis.,Sunt reiciendis molestiae voluptatem.,Reiciendis vitae tempora repellat.,Quam sapiente aperiam corporis.,Eveniet laudantium eius beatae.,Voluptatem aliquam similique blanditiis.,Dolor natus animi velit.,Dolor quasi dolorem officiis.,Inventore molestias omnis necessitatibus.,Iure aliquid reiciendis architecto.,Fugiat veniam sit a.
4,Odit nemo modi eius.,Consequatur quis asperiores accusantium.,Ad rem laudantium delectus.,At et sint magni.,Doloribus dicta adipisci repudiandae.,Alias labore accusantium sed.,Quibusdam quas voluptatem quo.,Dolorem recusandae harum eveniet.,Vel itaque praesentium vero.,Aperiam odio iure repudiandae.,Autem qui saepe ut.,Non molestiae suscipit beatae.,Repellendus est facere eum.,Harum dignissimos illum et.,Ipsa eos sit unde.,Eum eum soluta officia.,Aperiam beatae vel eum.,Odit eaque dolores corrupti.,Esse modi exercitationem quibusdam.,Vero molestias aut architecto.,Ut corrupti id voluptatum.
5,Quam fuga beatae aut.,Non quis similique magni.,Nemo itaque minus eaque.,Qui aliquid et sed.,Voluptas omnis inventore sunt.,Eos dolorem aperiam ipsam.,Qui at nisi ipsum.,Eos veniam deleniti voluptas.,Sapiente at enim ad.,Rem sit voluptates ea.,Odio doloremque ut sed.,Saepe nihil iure temporibus.,Aut earum suscipit architecto.,Sed id et omnis.,A iusto nesciunt eaque.,Ipsum est doloremque dolor.,Quae dolorem non fugit.,Amet sed molestias et.,Praesentium assumenda doloribus et.,Aperiam dolore natus ipsa.,Hic illo eos voluptate.
6,Fugiat nesciunt magnam voluptas.,Quibusdam id placeat provident.,Sunt est minus est.,Deleniti voluptas nemo et.,Nulla aspernatur voluptatem placeat.,Est vitae praesentium deserunt.,Inventore iste itaque tempore.,Eaque rerum ea quisquam.,Corporis aspernatur est quidem.,Deleniti voluptatem molestias aut.,Doloribus voluptatem quia porro.,Quo voluptatem sit itaque.,Fuga magnam aspernatur blanditiis.,Et voluptates et perspiciatis.,Possimus iusto reprehenderit non.,Molestiae consequatur nemo qui.,Aut eum quae id.,Repellat minus quo et.,Modi iusto hic fugit.,Odit quibusdam officiis iste.,Reiciendis velit accusantium voluptate.
7,Dolores in omnis rem.,Exercitationem omnis amet enim.,Qui ducimus repellendus aut.,Sapiente similique ad quo.,Vel aut aspernatur laudantium.,Adipisci consectetur pariatur et.,Facere blanditiis unde consequuntur.,Optio molestiae distinctio quasi.,Sit eaque tenetur qui.,Doloribus ea sint dolor.,Quia asperiores laudantium vel.,Atque soluta error natus.,Expedita vel beatae quod.,Deleniti et corrupti temporibus.,Est repellat fugit necessitatibus.,Ut velit consequatur dolores.,Deleniti voluptatibus eos id.,Eaque eum et explicabo.,Ducimus quidem sequi unde.,Rem vel modi quia.,Dolores alias illum voluptatem.
8,Vel laborum ipsum velit.,Et illum molestiae eum.,Praesentium qui quasi maxime.,Ut corrupti soluta sed.,Eum iusto dolorem ipsum.,Natus nihil omnis numquam.,Sed quia et quod.,Reprehenderit in ut iure.,Aut rerum velit accusantium.,Delectus aspernatur provident et.,Temporibus labore quo quam.,Consectetur et rerum sint.,Iusto at quis molestiae.,Inventore sit et voluptatum.,Voluptate quia vero in.,Quam atque ea velit.,Aut commodi dignissimos quis.,Veritatis non reiciendis repellat.,Possimus odit odio culpa.,Molestias dicta autem velit.,Eaque voluptas exercitationem qui.
9,Dolorum quam accusamus et.,Iusto doloribus provident cum.,Rerum omnis odio eius.,Aut sunt alias et.,Vel aut quibusdam libero.,Et dolorem provident eligendi.,Sed consequatur reiciendis rem.,Ipsa ut ut quas.,Error facere doloribus totam.,Odit dolorum consectetur ab.,Ut impedit dolore nesciunt.,Et unde nobis quia.,Suscipit numquam soluta rerum.,Itaque id at et.,Iste voluptas molestias voluptatem.,Asperiores ut earum ab.,Non deleniti aut ut.,Nulla nemo praesentium autem.,Aliquid deserunt quam cumque.,Aspernatur facilis commodi ut.,Delectus quia repellat exercitationem.
10,Quia nobis libero culpa.,Corporis eos qui dignissimos.,Sed reiciendis minus veritatis.,Soluta rerum maiores eum.,Sunt eos dignissimos nihil.,Reprehenderit dolorem omnis culpa.,Voluptatem nisi fugit impedit.,Ratione sapiente dolor molestiae.,Tenetur eveniet et optio.,Laborum molestiae sapiente dolorem.,Omnis voluptas aliquam quod.,Dolorem expedita dicta maxime.,Numquam tempora nihil ex.,Illum qui libero esse.,Autem quas fugit itaque.,Nihil ex cumque rem.,Illo saepe suscipit eius.,Rerum ipsum expedita unde.,Sint et ut omnis.,Est id earum aspernatur.,Quis sit eum architecto.
11,Consequatur ullam iusto vero.,Non mollitia unde aut.,Nesciunt aut sunt eveniet.,Reiciendis sed et voluptatibus.,Optio est occaecati sit.,Voluptates nulla dolores officiis.,Eligendi iure eos aut.,Et iusto in nobis.,Quo ut nesciunt est.,Doloribus laborum impedit quaerat.,Itaque ducimus earum qui.,Iste non in repellat.,Sed aut eos minus.,Qui asperiores et impedit.,Eum aut et velit.,Temporibus alias est iure.,Inventore distinctio autem facere.,Quisquam sapiente fugiat aut.,Harum quo expedita sit.,Sint qui fugit eum.,Ea quia qui est.
12,Enim et sed doloremque.,Dolores consequatur laudantium optio.,Distinctio est recusandae cum.,Qui recusandae accusantium unde.,Animi laboriosam doloremque vero.,A dolor ad quia.,Consequatur velit natus ad.,Voluptas culpa assumenda velit.,Commodi est et distinctio.,Aut tenetur alias quia.,Vitae tempora saepe nam.,Inventore aperiam aut voluptate.,Et velit repellendus minus.,Adipisci assumenda est expedita.,Nihil perspiciatis est enim.,Atque et autem rerum.,Architecto aut vitae maxime.,Voluptatem repellat inventore deserunt.,Minus exercitationem repellendus accusantium.,Ipsam natus voluptatem dignissimos.,Esse ex est est.
13,Facere aut est incidunt.,Dolores et sunt nam.,Quos laborum voluptas labore.,Occaecati nam qui ipsam.,Iste error recusandae inventore.,Iste sint eaque ipsa.,Eum odio tenetur aspernatur.,Dolores voluptatem laboriosam natus.,Modi natus sit vero.,Sapiente ipsa voluptatum beatae.,Tempora quis modi temporibus.,Quia et voluptas voluptate.,Cupiditate minima nostrum voluptatem.,Dolore voluptatem temporibus quod.,Incidunt ipsam at blanditiis.,Et et illum molestiae.,Odio eos recusandae aut.,Labore nisi quos ut.,Voluptatem voluptatem suscipit enim.,Sapiente est eos culpa.,Ad optio autem est.
14,Non repellendus tempora aspernatur.,Excepturi iste nulla soluta.,Est ea sit et.,Perspiciatis pariatur et consequatur.,Illum eum sed deserunt.,Quae et odio molestiae.,Sit et sit fugiat.,Debitis commodi voluptatem quia.,Quos aut ad ut.,Vel omnis dolore quis.,Dignissimos incidunt id magnam.,Voluptatum exercitationem dolor aut.,Nihil est voluptas iusto.,Velit perferendis voluptatem aut.,Ipsum quam quo fugit.,Corporis dolorem deserunt eaque.,Nam quis eos et.,Magnam quos eos assumenda.,Voluptatem aut similique cupiditate.,Laudantium tempora earum maxime.,Beatae ut voluptatum asperiores.
15,Beatae fugit quaerat ipsam.,Quod consequatur non ea.,Numquam minus rerum maxime.,Pariatur et quia sed.,Iste velit rerum quod.,Placeat ad commodi nihil.,Voluptas sit eveniet atque.,Non et dolores ducimus.,Aut nam non molestiae.,Voluptatum aliquam vitae itaque.,Omnis asperiores accusantium adipisci.,Quaerat quas molestiae aperiam.,Tenetur voluptate non libero.,Non voluptas quibusdam in.,Necessitatibus aliquam iste voluptates.,Reiciendis veniam placeat magnam.,Iusto repudiandae ex laboriosam.,Provident aliquid cumque a.,Nostrum officia voluptatem harum.,Saepe voluptates non tempora.,Magni id sunt harum.
16,Eos et at iste.,Recusandae eius vel officia.,Eos expedita quibusdam vel.,Accusamus quia assumenda earum.,Distinctio quia voluptatem est.,Qui eius adipisci dolor.,Consectetur molestiae est hic.,Libero blanditiis voluptate impedit.,Asperiores omnis eius in.,Velit optio repellat et.,Error quia illo at.,Assumenda laboriosam et asperiores.,Et architecto consectetur facilis.,Quod est omnis ipsam.,Illo repellendus quisquam nihil.,Amet et repellat eveniet.,Libero dolores aut in.,Ratione saepe a ducimus.,Eligendi non suscipit eveniet.,Labore quidem exercitationem totam.,Praesentium iste dolorem velit.
17,Officia rerum facere molestiae.,Qui quam est dolor.,Qui soluta laborum earum.,Vero ab quis nesciunt.,Ut praesentium voluptate hic.,Magni doloribus sint odit.,Accusamus ut dicta quia.,Deserunt tenetur maxime necessitatibus.,Ut iusto repellendus recusandae.,Cum inventore quia rerum.,Commodi reiciendis ipsa suscipit.,Ut cum impedit in.,Odio ut dolores commodi.,Nam pariatur occaecati reiciendis.,Ab sapiente vitae sunt.,Quis ipsa autem sint.,Aut laborum optio et.,Sint ipsum sit nobis.,Non vel dicta et.,Autem reiciendis debitis beatae.,Dignissimos nisi et exercitationem.
18,Voluptas ipsum neque omnis.,Quo ipsa suscipit atque.,Sequi alias laudantium minus.,Ut libero qui facilis.,Itaque quos ea accusantium.,Omnis est quia quo.,Voluptatem cupiditate et est.,Sed voluptatem minus omnis.,Placeat doloribus velit omnis.,Doloremque aperiam enim excepturi.,Deserunt dolor quaerat itaque.,Iure debitis nam rerum.,Aut alias dolorum corporis.,Magnam ut quibusdam quos.,Qui at omnis veritatis.,Accusantium est numquam est.,Voluptatibus atque consequatur ex.,Facilis fuga consectetur sequi.,Dolorum id sed est.,Corporis nihil voluptatem voluptatem.,Aut mollitia aut laboriosam.
19,Animi dolores quia distinctio.,Minima harum eum quis.,Perferendis sapiente sit quod.,Sint architecto incidunt eligendi.,Qui pariatur veniam qui.,Ea et dolor necessitatibus.,Accusamus quisquam pariatur sed.,Praesentium ut quaerat magni.,Nobis totam laboriosam est.,Reprehenderit aut eum saepe.,Eos eos sit qui.,Aut aut ea soluta.,Delectus accusamus dolore minima.,Vel modi voluptas et.,Fugit et non repellat.,Quas est aliquid natus.,Quia ut esse ipsum.,Non qui eveniet repudiandae.,Rerum itaque voluptatem sequi.,Ut perferendis et iusto.,Possimus tempore aut est.
20,Corporis et hic at.,Dolorem a illo omnis.,Sint et eos reprehenderit.,Corporis nobis voluptas nihil.,Inventore et odio architecto.,Qui amet minus facilis.,Asperiores quo alias quibusdam.,Perspiciatis iusto omnis distinctio.,Placeat sint perspiciatis tenetur.,Nisi qui illo magnam.,Blanditiis fugit accusamus vel.,Voluptatibus dolor sed aut.,Alias aliquid sit nemo.,Eligendi repellat fugiat illo.,Tempore necessitatibus earum soluta.,Qui omnis expedita enim.,Et natus veritatis et.,Aut nesciunt autem sequi.,Suscipit minus quis nulla.,Qui illum ut aut.,Adipisci aliquam assumenda nihil.
21,Ipsam laboriosam delectus sed.,In maiores doloremque facere.,Aspernatur quaerat libero facere.,Sed rerum ipsa laudantium.,Earum vel omnis sed.,Et cupiditate officiis dolor.,Nam sit voluptatum iste.,Dolores esse odit ratione.,Et non ipsam voluptas.,Magnam aut molestias laudantium.,Qui nostrum repudiandae voluptatem.,Libero dolores occaecati maxime.,Vel est qui voluptate.,Ut aliquid pariatur est.,Corporis esse aliquam libero.,Nam cum reiciendis et.,Autem exercitationem commodi ratione.,Dolor in qui rerum.,Deserunt magnam animi quidem.,Eveniet porro quia doloribus.,Dolorem modi atque ipsa.
22,Qui earum quisquam saepe.,Sit quaerat ea officiis.,Aut repellendus est quo.,Aliquam vitae ut voluptatem.,Sequi totam assumenda enim.,Rem quo delectus aliquam.,Doloribus enim ut voluptatibus.,Et doloremque tempore et.,Excepturi dolor laboriosam hic.,Similique mollitia ut omnis.,Atque impedit vel cum.,Aut qui illo eveniet.,Minus omnis nisi quia.,Eligendi reiciendis dolor suscipit.,Nulla nostrum perferendis quia.,Occaecati consequatur qui eum.,Voluptatem officia dolorem aut.,Ipsum voluptatem deserunt qui.,Illo ea sit molestiae.,Qui quis libero et.,Natus qui blanditiis ipsum.
23,Reprehenderit adipisci error rerum.,Repellendus nobis quaerat provident.,Ut cum neque et.,Blanditiis architecto sequi perferendis.,Incidunt repudiandae accusamus blanditiis.,Aut ut amet cum.,Doloremque iste assumenda ab.,Sunt qui consequuntur voluptate.,Magni nihil voluptatem recusandae.,Suscipit illum enim voluptas.,Magni aperiam non eum.,Id aut recusandae suscipit.,Voluptatem asperiores quidem molestiae.,Aspernatur possimus ut nemo.,Inventore aperiam omnis velit.,Assumenda commodi sit non.,Dolor sit animi rem.,Qui corrupti illo vel.,Esse illum eveniet soluta.,Quia itaque sint et.,Qui ab molestiae necessitatibus.
24,Rerum non ut excepturi.,Est inventore pariatur sit.,Vel et assumenda necessitatibus.,Occaecati dicta minus impedit.,Ea minus expedita laudantium.,Iure vitae in itaque.,Quam et aspernatur harum.,Doloremque consequatur quas eum.,Asperiores dolorum iste impedit.,Aut est cumque omnis.,Laudantium libero impedit in.,Doloremque hic aliquam quis.,Aliquam molestiae est possimus.,Unde sed et et.,Ut rem praesentium sint.,Aspernatur dolore quae nihil.,Exercitationem in deserunt enim.,Mollitia qui ratione alias.,Amet vero odit temporibus.,Odit aut delectus voluptatibus.,Repellendus labore quis qui.
25,Eos id aut consequatur.,Beatae iste ea vero.,Distinctio rerum recusandae dolores.,Qui quos qui officia.,Voluptatem saepe similique laudantium.,Nesciunt expedita ullam pariatur.,Et aspernatur tempora dignissimos.,Quas voluptas quod et.,Repellendus aut accusamus nihil.,Eaque nemo est consequatur.,Quidem beatae et est.,Quidem asperiores impedit autem.,Aut sed non eius.,Illo veniam voluptas iure.,Explicabo eius earum quisquam.,Sed inventore quaerat voluptatem.,Sunt aut rerum occaecati.,Illo animi ab aut.,Quo nihil asperiores quis.,Cupiditate incidunt omnis laudantium.,Aut reprehenderit earum facere.
26,Assumenda et quia veniam.,At dolore illum ipsam.,Vel provident eveniet corrupti.,Facere in perspiciatis rerum.,Eum et doloremque et.,Quia quas voluptas ab.,Tempore et occaecati eligendi.,Omnis vel velit ullam.,Optio nisi voluptas ullam.,Quia corrupti aut rerum.,Ipsum ratione et in.,Molestias quia blanditiis vel.,Voluptas temporibus deleniti excepturi.,Blanditiis qui voluptates illo.,Consequatur et fuga eveniet.,Quis assumenda pariatur accusamus.,Eveniet qui aut ab.,Ipsum in tenetur non.,Et sed et ut.,Architecto qui aliquid qui.,Voluptatum cumque numquam necessitatibus.
27,Voluptas voluptas consequatur omnis.,Quo dicta quo ipsa.,Debitis voluptatem explicabo incidunt.,Corrupti dignissimos voluptatem et.,Quo distinctio ducimus aut.,Aperiam repellendus architecto sit.,Autem non quasi nulla.,Repudiandae aut ea hic.,Quo aut hic et.,Et aut iusto sunt.,Autem quos soluta illum.,Ut est voluptatem consequatur.,Ipsa nulla neque magnam.,Odio quaerat ut quisquam.,Doloribus quos consequatur minus.,Eos itaque quis odit.,Quo quasi voluptates distinctio.,Perferendis qui accusamus expedita.,Officiis aut unde pariatur.,Ab consequuntur eaque laborum.,Enim impedit quia eos.
28,Aliquid non autem qui.,Sit labore dignissimos aspernatur.,Veritatis vel iste aperiam.,Cumque quam natus et.,Illum nemo officiis laboriosam.,Sunt eaque commodi voluptate.,Aut sunt sint aut.,Non ipsam dolorem eos.,Mollitia quasi ut deserunt.,Ipsum et est voluptatum.,Itaque voluptatem illum nulla.,Veniam soluta sequi aut.,Occaecati corporis aspernatur asperiores.,Rerum voluptatibus aut iste.,Magnam corrupti totam doloremque.,Rem sed voluptas in.,Veritatis vel aliquid maxime.,Quo voluptatem nihil laudantium.,Vel quia qui atque.,Ut quam error deleniti.,Impedit sed sunt magnam.
29,Sed fuga exercitationem et.,Repellat aut aliquid sed.,Cumque ullam aliquam blanditiis.,Laboriosam quis voluptatem ut.,Dolorem consectetur repellendus quisquam.,Suscipit consequuntur dolores aut.,Maiores eveniet recusandae dolores.,Sapiente quod minima maxime.,Et id impedit voluptatem.,Earum at ut placeat.,Quia ut vero mollitia.,Ut inventore odit sunt.,Debitis nostrum voluptatum nihil.,Natus velit non ex.,Molestias rerum corporis sequi.,Officia rerum aut nihil.,Corrupti recusandae labore ullam.,Similique illum perferendis sed.,Officia tenetur expedita molestiae.,Saepe ab non numquam.,Et possimus quia repellat.
30,Odio omnis dolores voluptatibus.,Illum voluptatibus est aut.,Sequi vel repudiandae repellendus.,Laboriosam molestias aliquam velit.,Enim accusantium natus pariatur.,Optio recusandae cupiditate esse.,Praesentium dicta molestiae sapiente.,Dolorem dolores reprehenderit repellat.,Voluptatem quia illo repellat.,Autem non repellendus rerum.,Aut ab at et.,Et quod adipisci a.,Repellat quod facilis numquam.,Explicabo quam numquam fugiat.,Quia magni sequi dolore.,Ducimus enim ratione eius.,Possimus aut ipsum rerum.,Ipsum perferendis rerum id.,A ut amet soluta.,Quo eum iure sit.,Sunt ut omnis et.
31,Sapiente blanditiis excepturi sunt.,Blanditiis voluptas voluptas at.,Voluptatem eos repellat harum.,Perferendis quo qui laboriosam.,Maiores facilis neque quis.,Et placeat aut et.,Inventore expedita quisquam illo.,Dolores fuga qui voluptatem.,Nulla modi deserunt atque.,Id saepe perspiciatis voluptatum.,Consequatur et totam sit.,Facilis id sed quis.,Numquam neque consectetur hic.,Officia est asperiores sapiente.,Delectus est qui accusantium.,Ex dolor non distinctio.,Eaque animi aperiam aut.,Et quaerat delectus iste.,Id deserunt voluptatum saepe.,Sit tempore quia est.,Et neque voluptatem hic.
32,Nesciunt in eum dolorum.,Quod facilis quibusdam quia.,Qui voluptas dolores odit.,Doloremque aut maiores eius.,Iure similique quaerat dolor.,Non et aliquid nesciunt.,Eos qui accusamus quo.,Est est sit et.,Facilis voluptatem molestiae nobis.,Odit atque ut occaecati.,Reprehenderit voluptatem sed dolores.,Quia voluptatum voluptate ducimus.,Aspernatur non odio omnis.,Ea dolorum deleniti ut.,Incidunt ipsa necessitatibus ut.,Voluptatem minus ullam impedit.,Tempore possimus velit amet.,Ullam hic eius facere.,Ut architecto pariatur maiores.,Vero necessitatibus nulla tenetur.,Quis eaque molestiae nostrum.
33,Id ipsa recusandae accusantium.,Beatae dolores labore laudantium.,Consequuntur fugit est porro.,Nesciunt consequatur cupiditate recusandae.,Quia ullam consequatur aliquam.,Aperiam animi libero totam.,Pariatur impedit et molestiae.,Accusantium earum modi quis.,Enim non hic distinctio.,Ut iure reprehenderit quos.,Fuga non sint consequatur.,Pariatur distinctio sed repellat.,Enim voluptatem consectetur dolores.,Sunt ea doloribus aliquam.,Et mollitia enim esse.,Quidem sit possimus sunt.,Maiores nemo esse blanditiis.,Ad ab rerum rem.,Accusantium delectus aliquid fugit.,Eius est qui animi.,In blanditiis neque fugiat.
34,Cum temporibus saepe eveniet.,Assumenda veniam rerum saepe.,Voluptatibus nulla adipisci minus.,Sequi numquam dolore quaerat.,Nostrum ratione nemo voluptate.,Vitae optio consequatur quibusdam.,Iusto commodi provident voluptatibus.,Soluta officiis et ratione.,Enim vitae consequuntur qui.,Quis id consequuntur velit.,In et molestiae consequatur.,Natus rerum in soluta.,Iusto deserunt tempore aut.,Velit quam asperiores voluptatibus.,Autem quidem ut aut.,Nisi earum quaerat ducimus.,Rerum facere voluptatem odio.,Similique voluptatem velit dolore.,Odio quisquam quae quas.,Delectus doloremque et architecto.,Atque et voluptas aspernatur.
35,Aut deleniti aut libero.,Est debitis cumque modi.,Non voluptas voluptatem dolores.,Et animi quia praesentium.,Et ea ullam facere.,Enim illo praesentium ad.,Illo qui tenetur architecto.,Officiis provident magni enim.,Aspernatur consequatur quaerat odio.,Nostrum alias delectus saepe.,Omnis nemo consequatur laudantium.,Minus et laborum aut.,Aperiam consequatur deleniti nulla.,Aperiam suscipit asperiores dolor.,Quidem repellendus eum eligendi.,Est autem et quia.,Dolore laudantium rerum aliquid.,Hic et ea odit.,Incidunt ducimus sit ad.,Commodi vero aut dolores.,Et temporibus iure ab.
36,Occaecati eligendi id sed.,Eligendi quis et necessitatibus.,Sit optio eius ut.,Ut eaque magnam expedita.,Omnis optio doloremque doloribus.,Veritatis voluptates quos enim.,Culpa ad nihil voluptates.,Deleniti expedita aut ut.,Et repellendus ullam veniam.,Autem ad omnis exercitationem.,Aliquam tempore qui ex.,Quo doloribus alias nobis.,Asperiores est dolore ea.,Esse quis vitae occaecati.,Qui sed soluta omnis.,Voluptas deleniti qui sit.,Aut ipsam aperiam rerum.,Et nesciunt non suscipit.,Et similique corrupti repellendus.,Occaecati aperiam et quibusdam.,Quis nam id dolor.
37,Accusantium quos qui voluptatem.,Est libero modi quisquam.,Assumenda molestiae error autem.,Assumenda sed similique ut.,Et qui rem molestiae.,Natus recusandae quae cupiditate.,Quam repellat vero ut.,Rerum perferendis est accusamus.,Autem quis rerum dolor.,Dicta provident consequatur iure.,Est et quae nam.,Voluptates animi ex praesentium.,Repellendus non nobis dolores.,Ratione reiciendis molestiae quia.,Omnis dolores sunt voluptatum.,Nam laudantium aut voluptate.,Et minima et libero.,Perspiciatis ipsum impedit deserunt.,Quis et sit quisquam.,Optio dolores error soluta.,Quia sit sequi similique.
38,Illum exercitationem esse non.,Qui quis perspiciatis voluptas.,Consequatur est officia ut.,Vero velit adipisci nobis.,Expedita quia ut excepturi.,Odio ullam soluta dicta.,Quam excepturi officiis laborum.,Ea aut sit iusto.,Expedita nostrum vitae ullam.,Ut non et tempora.,Ut voluptas qui deserunt.,Atque quia officia dolore.,Iusto ipsa debitis fugit.,Omnis aut commodi velit.,Ut non nesciunt tempore.,Enim quia sunt et.,Repellat odit harum non.,Sed rerum tempora qui.,Accusantium inventore omnis consectetur.,Esse id architecto magnam.,Quaerat et voluptas asperiores.
39,Voluptatem hic et est.,Culpa impedit adipisci consequuntur.,Neque tempore incidunt ullam.,Tempora voluptatibus natus sint.,Ut ut in maiores.,Alias tenetur consequuntur a.,Quasi aspernatur rerum nulla.,Quibusdam perferendis nulla rerum.,Rerum autem quas voluptatem.,Aut dolores corporis non.,Quidem autem doloremque tempore.,Occaecati cumque unde consequatur.,Laudantium assumenda enim suscipit.,Enim voluptatum commodi itaque.,Fuga unde sequi aut.,Aut et et eius.,Quia nulla sunt omnis.,Ipsam doloremque minus voluptates.,Cupiditate provident ipsam velit.,Fugiat voluptas doloribus velit.,Rerum nemo libero sapiente.
40,Nihil rerum amet nesciunt.,Et dignissimos consequuntur enim.,Culpa repudiandae voluptate tenetur.,Est nobis quia adipisci.,Ex eius aut excepturi.,Magni dignissimos pariatur aut.,Debitis eaque molestias ullam.,Explicabo dolor at corporis.,Reiciendis assumenda pariatur impedit.,Eos ab incidunt consequuntur.,Dolor distinctio architecto qui.,Soluta ipsum aperiam vitae.,Suscipit perspiciatis non quia.,Possimus ratione quae ipsa.,Et quos voluptas eum.,Et iure dolore corrupti.,Accusamus et dolore sunt.,Et impedit dicta voluptatibus.,Tempora maxime sit libero.,Aperiam aut eum illo.,Aspernatur sequi numquam ea.
41,Officia fuga doloremque quia.,Maiores esse voluptatem qui.,Iure qui dolor rerum.,Dolor culpa molestiae ullam.,Quos consequatur dolorem natus.,Expedita aliquam atque dolores.,Sint qui est alias.,Maiores quo rem reiciendis.,Id assumenda soluta similique.,Dolores iure praesentium et.,Tempora qui rerum voluptatem.,Rerum itaque sapiente sequi.,Unde expedita dolores mollitia.,Qui consequatur asperiores laborum.,Sunt vel ut consectetur.,Aut est et tenetur.,Aperiam eos ullam non.,Et consectetur optio quibusdam.,Qui quia sed blanditiis.,Illum qui voluptates repudiandae.,Quis quia non fugiat.
42,Ab explicabo ex quod.,Aut est dicta placeat.,Ut magni aut omnis.,Voluptas aspernatur qui consequatur.,Aliquid molestias voluptatum repudiandae.,Eos doloremque praesentium consequatur.,Rerum dicta ab accusantium.,Et nihil at eum.,Architecto dolorum deserunt dicta.,Quasi eos consectetur ex.,Vel eligendi accusamus accusantium.,Cum et ullam labore.,Corporis suscipit aut a.,Est reprehenderit ab qui.,Quis esse sint eveniet.,Recusandae sint et reprehenderit.,Dolorem cum natus incidunt.,Autem accusantium autem animi.,Adipisci sed accusantium iure.,Ab deserunt reiciendis adipisci.,Blanditiis deserunt ut eaque.
43,Qui est ullam itaque.,Quia aperiam ea et.,Officiis suscipit ut quidem.,Doloremque voluptas ab sed.,Id assumenda autem ut.,Saepe veniam voluptatibus dolor.,Ad tempore et id.,Consequatur tempora quisquam est.,Deserunt ut rem eos.,Quas corrupti iusto ut.,Et veritatis aut rerum.,At corporis temporibus adipisci.,Voluptatem dolore alias quo.,Modi eum asperiores rerum.,Delectus quis eaque dolor.,Nobis a ut vero.,Nobis omnis sunt placeat.,Perferendis dolores aut neque.,Tenetur sunt ut laborum.,Dolor ut et voluptatem.,Neque autem commodi occaecati.
44,Quam nesciunt deleniti beatae.,Et magnam a omnis.,Et deleniti reiciendis nobis.,Sit consequatur soluta repudiandae.,Iure quam non sed.,Maxime praesentium et delectus.,Dolorem ratione itaque voluptas.,Natus corrupti beatae nostrum.,Doloribus alias laboriosam et.,Est dolores quos neque.,Laboriosam nam et similique.,Fugiat autem possimus tempore.,Architecto vel et quis.,Repellat eum qui totam.,Sed explicabo sit ex.,Dolores ut a maiores.,Doloribus molestiae quo dolorem.,Quibusdam sed error exercitationem.,Blanditiis eos aut amet.,Placeat molestiae facere rerum.,Et qui in qui.
45,Tempore quia voluptas natus.,Ducimus incidunt et porro.,Temporibus qui consequatur dolorem.,Suscipit reiciendis quidem non.,Fuga culpa ducimus voluptas.,Animi soluta fuga est.,Ipsam dolorum quis et.,Dolores nam vero qui.,Ab dolores numquam tenetur.,Veniam ratione et dolores.,Magnam corporis sunt ducimus.,Sit hic nihil distinctio.,Est aut explicabo ad.,Omnis amet aliquid itaque.,Animi aspernatur est voluptatem.,Est omnis sit repellendus.,Explicabo maiores voluptatem cupiditate.,Qui quasi est ipsa.,Eum molestiae occaecati a.,Magni nulla velit rem.,Cupiditate aut ad id.
46,Aspernatur quia sint exercitationem.,Reiciendis sed facere eius.,Voluptatum voluptates alias nulla.,Laudantium aut repellat eum.,Veniam incidunt placeat velit.,Et ut non et.,Est voluptatem cupiditate explicabo.,Qui rerum fugiat saepe.,Deserunt ex rerum iste.,Qui et amet ad.,Voluptas quisquam aut magni.,Et similique eligendi sapiente.,Quod atque doloremque iure.,Dolorem praesentium distinctio quas.,Earum quae nisi voluptatibus.,Numquam facere aut quae.,Officia beatae omnis dolores.,Illo molestias culpa omnis.,Voluptatem commodi veritatis minima.,Quis temporibus hic eos.,Deserunt officia commodi eum.
47,Numquam recusandae in natus.,Nam quasi sed libero.,Est non laboriosam ex.,Voluptas nisi debitis expedita.,Facere id et sit.,Deserunt soluta sed praesentium.,Laborum quis et et.,Tempore aut ad expedita.,Voluptatem odit magnam officia.,Magnam aliquid magni nihil.,Molestias et accusamus animi.,Hic officiis qui non.,Amet error sed corrupti.,Ea et voluptatem assumenda.,Qui molestiae voluptas non.,Earum rerum ducimus quasi.,Cumque at animi non.,Eaque officia dolores est.,Doloremque porro consequatur ducimus.,Veritatis quod velit laudantium.,Nobis ad quasi et.
48,Similique vero eos sit.,Id sit vel deleniti.,Et quo placeat doloribus.,In enim perferendis quibusdam.,Quisquam dolor nihil quia.,Voluptatem et maiores non.,Consequatur reprehenderit explicabo vel.,Ea ut et corrupti.,Est quo est libero.,Iusto aut qui omnis.,Provident impedit aut cum.,Est beatae quis dolor.,Ipsum quis veniam libero.,Ullam tempora veritatis ex.,Unde cum assumenda consequuntur.,Eum voluptatem et nihil.,Magni incidunt sit nesciunt.,Dignissimos velit ut porro.,Incidunt maiores et ipsa.,Nemo iure repellendus aperiam.,Libero molestias dicta id.
49,Voluptatem unde alias a.,Nisi ea aut inventore.,Asperiores dolor quos sequi.,Soluta non ratione cumque.,Distinctio omnis dignissimos qui.,Necessitatibus enim sed quia.,Repellendus voluptas qui veritatis.,Quo consequuntur accusantium et.,Ad dolorem ipsam blanditiis.,Minus consequatur rem officiis.,Odio et aliquid ut.,Maiores est optio dolores.,Et ipsum beatae delectus.,Rerum et aut dolore.,Facilis inventore dolores omnis.,Sapiente earum non similique.,Similique aut modi consequuntur.,Est ut facilis nesciunt.,Et ut officiis soluta.,Cupiditate voluptas dolores dolorum.,Non delectus consequatur maiores.
50,Ut quae quam impedit.,Qui fugiat id molestiae.,Enim cumque ducimus qui.,Dignissimos quia incidunt commodi.,Iure et at voluptas.,Quia et reprehenderit illum.,Id explicabo qui vel.,Ipsa earum quibusdam molestias.,Aut ad tempora eveniet.,Nisi veritatis numquam nostrum.,Accusantium et inventore doloribus.,Est magni impedit recusandae.,Magni asperiores placeat aut.,Exercitationem minima voluptatum sit.,Placeat cupiditate magnam perferendis.,Molestiae iusto ut eum.,Et veniam autem hic.,Incidunt nam nostrum nihil.,Rerum sit sunt aliquid.,Ex est consequuntur reprehenderit.,Suscipit est eos facere.
51,Assumenda quae totam illo.,Aut provident adipisci eligendi.,Voluptas sunt omnis cumque.,Nostrum nulla rerum vel.,Veritatis voluptatibus dignissimos voluptates.,Unde consequatur molestias nemo.,Vel perferendis dolorem enim.,Magnam perferendis reprehenderit atque.,Nostrum consequatur dolorem iusto.,Quas ducimus et asperiores.,Et consequuntur corrupti deserunt.,Adipisci autem qui repudiandae.,Quis recusandae quod voluptatibus.,Doloribus vero ipsa commodi.,Aliquid ut quis quia.,Quisquam quis repellendus omnis.,Quo suscipit nobis ut.,Quae blanditiis fugiat quia.,Pariatur non et ab.,Reiciendis repellat voluptatem iure.,Atque cumque laborum voluptas.
52,Et id repudiandae dolorem.,Mollitia sed explicabo incidunt.,Vel qui dolorem vitae.,Accusamus ut et quia.,Et explicabo quaerat ipsam.,At atque sunt ut.,Et possimus exercitationem labore.,Nostrum sed nam culpa.,Aut omnis consequatur aut.,Sit ut omnis soluta.,Non exercitationem aut facilis.,Illum quos voluptatem reprehenderit.,Provident quis aliquam laudantium.,Voluptatem ex enim mollitia.,Molestiae nobis quidem ducimus.,Aut consequuntur expedita voluptatum.,Atque voluptatem qui quia.,Qui dolorem occaecati earum.,Recusandae neque eius rerum.,Consequatur quis sapiente tempore.,Non in et eum.
53,Temporibus itaque rerum vero.,Et voluptatem saepe nihil.,Quod beatae officia odit.,Est id ratione aliquid.,Distinctio voluptatibus et dolorum.,Non asperiores praesentium quibusdam.,Vel sed dolorem inventore.,Similique voluptatibus aut voluptatem.,Nobis temporibus blanditiis sed.,Expedita excepturi aut amet.,Aspernatur voluptas distinctio dignissimos.,Id eius exercitationem aperiam.,Dolores cupiditate dolores animi.,Sit temporibus fugiat animi.,Unde ex eaque ut.,Voluptatem similique recusandae aut.,Distinctio eos animi in.,Magni sint ut eos.,Quaerat at non eius.,Voluptates architecto ab delectus.,Voluptatem harum facere magnam.
54,Repudiandae vitae at tenetur.,Quasi iste a voluptatibus.,Ipsum et occaecati hic.,Distinctio perferendis laboriosam blanditiis.,Voluptatibus doloribus esse sint.,Animi labore quas quo.,Atque sit harum fugiat.,Ad eum illum labore.,Nihil quae illo amet.,Commodi et et aut.,Qui ut suscipit ut.,Inventore eveniet aut dolor.,Perspiciatis nesciunt quo deleniti.,Sed quis quae illum.,Veritatis ea magnam saepe.,Explicabo voluptates ut dignissimos.,Corporis amet ullam reiciendis.,Ut nulla aperiam dolores.,Totam sint ipsa odit.,Voluptatem expedita fugit inventore.,Vitae qui quis consequatur.
55,Omnis assumenda omnis vero.,Recusandae similique ut corporis.,Architecto consequatur facilis optio.,Et consequatur accusamus eius.,Et et accusantium id.,Ipsum non reprehenderit optio.,Eveniet ducimus porro earum.,Suscipit consequatur ipsa ut.,Et recusandae autem soluta.,Quo tempore et similique.,Perferendis illum dolor officiis.,Inventore nostrum et sint.,Exercitationem est consectetur voluptatibus.,Amet quasi et totam.,Inventore et ipsa nobis.,Voluptas consequatur eos accusantium.,Aut voluptatum eveniet amet.,Ex culpa delectus ducimus.,Id porro sed omnis.,Autem blanditiis quos dolor.,Qui natus voluptas maxime.
56,Molestiae dignissimos et suscipit.,Aliquam dolor voluptatem non.,Corrupti minus aliquid sed.,Numquam at in ea.,Perspiciatis non corporis voluptates.,Quibusdam odio voluptatem omnis.,Voluptas magni dolor beatae.,Placeat sunt in officia.,Dicta eos voluptatem quia.,Et temporibus qui dolorem.,Inventore quisquam ducimus commodi.,Expedita culpa omnis voluptas.,Excepturi fugiat distinctio omnis.,Voluptatem voluptatum hic sit.,Ipsum aliquam laborum odit.,Facere enim omnis similique.,Quam accusantium et laudantium.,Maxime et ducimus error.,Nesciunt ullam ea et.,Libero repellendus sunt placeat.,Adipisci molestiae voluptas dolorem.
57,Sit magni est quam.,Quam dignissimos et repellendus.,Non adipisci officia provident.,Distinctio explicabo eveniet doloribus.,Ipsam voluptates et qui.,Nobis amet iste voluptas.,Molestiae perferendis occaecati in.,Assumenda consequatur voluptatem dolorem.,Tempora et est praesentium.,Voluptatem laboriosam dignissimos repellendus.,Neque facere dolor labore.,Illum consequuntur velit dolor.,At atque odit aut.,Nobis doloribus enim natus.,Fugit et quae explicabo.,Et nihil aut deleniti.,Qui et eum ipsam.,Similique sunt sint nobis.,Ad amet optio est.,Eos qui deserunt tempora.,Nesciunt consequatur laboriosam est.
58,Adipisci dignissimos omnis quo.,Voluptatem reiciendis incidunt ut.,Voluptatibus id ut error.,Quo inventore ex molestiae.,Iusto temporibus dolorum sed.,Quae autem sit officiis.,Suscipit in ut totam.,Ratione porro dolorum optio.,A ipsum quia cumque.,Nihil sunt sed aut.,Sit aspernatur voluptatem veritatis.,Autem fugit perspiciatis molestias.,Unde ut sit ratione.,Voluptates aut quis magnam.,Quae possimus reiciendis omnis.,Nihil velit beatae aut.,Quibusdam modi sint voluptas.,Et sint rerum totam.,Corrupti suscipit exercitationem molestiae.,Dolor officiis maiores modi.,Quis et vero optio.
59,Quo quia nihil nulla.,Placeat nulla amet inventore.,Quos et at ipsam.,Autem accusamus voluptatem alias.,Est odit unde cumque.,Voluptas dolorem eius ab.,Fuga in soluta dolor.,Reprehenderit enim necessitatibus dolor.,Possimus corrupti ipsam dolore.,Error ea quibusdam distinctio.,Enim aspernatur ducimus quia.,Voluptas aliquam laudantium sunt.,Distinctio saepe quod ut.,Non qui voluptas fugit.,Deserunt fugiat aut sit.,Ea laudantium nobis sed.,Aut maiores odio culpa.,Ut unde aut saepe.,Ullam velit et omnis.,Ut saepe autem et.,Ut in maxime aliquid.
60,Reiciendis ut at est.,Aliquid explicabo nihil commodi.,Cupiditate mollitia tenetur non.,Saepe ut quas vero.,Modi et sit quam.,Ipsa culpa exercitationem consequatur.,Sed voluptatibus nihil non.,Voluptates beatae reprehenderit odit.,Ea vitae odio sed.,Assumenda quae eaque omnis.,Voluptatum blanditiis quas qui.,Enim nisi veniam fuga.,Est voluptates exercitationem aut.,Ab cupiditate tempora atque.,Cumque sunt libero et.,Repudiandae quasi quod ut.,Libero modi officia doloribus.,Nihil voluptatibus suscipit quam.,Aliquam est vel ex.,Earum repellendus aut qui.,Eaque nam et quod.
61,Consequatur animi aspernatur ut.,Sunt nam architecto et.,Et et laborum sed.,Aperiam inventore nisi distinctio.,Unde ipsam enim veritatis.,Dicta odit qui quia.,Nobis et aspernatur animi.,Enim sed reprehenderit numquam.,Et asperiores et et.,Molestiae libero dolorem qui.,Molestiae aspernatur quas iusto.,Atque voluptas quibusdam voluptatem.,Aliquam aut fugiat possimus.,Natus aliquam reprehenderit sunt.,Ipsam magnam sed soluta.,Fugit quas eum eveniet.,Mollitia velit aspernatur aperiam.,Magnam corrupti nemo autem.,Rem dolore aut consequatur.,Quidem minima cum ut.,Ut voluptatum fuga sunt.
62,Reiciendis qui vel harum.,Laboriosam error et quaerat.,Aspernatur non aliquid labore.,Sit et ipsam sunt.,Voluptatem sed voluptates blanditiis.,Voluptas perferendis autem sit.,Similique saepe illum non.,Nobis corporis aspernatur vel.,Culpa perspiciatis nihil sed.,Repudiandae repellat unde et.,Quaerat quas et explicabo.,Incidunt maxime quibusdam voluptatem.,Sit ut quos velit.,Officiis quos ab itaque.,Enim perferendis omnis aspernatur.,Sed quia tenetur adipisci.,Harum expedita autem ut.,Maxime placeat qui corporis.,Consequuntur atque quibusdam autem.,Nemo incidunt rerum dolores.,Fuga ex corporis officia.
63,Quidem eligendi cumque nesciunt.,Sed non ipsa omnis.,Eaque beatae autem ratione.,Qui in quis pariatur.,A quaerat quo aut.,Harum iste in id.,Et libero blanditiis eum.,Nemo ex consequuntur magni.,Est libero natus cumque.,Alias libero sed enim.,Dolor perspiciatis vel dignissimos.,Delectus ullam repellendus quo.,Eum aliquam vero odio.,Veritatis repellendus sit deleniti.,Consequatur consequuntur est sit.,Maxime quisquam enim culpa.,Voluptatem magnam sint natus.,Dolor aut et iure.,Dolor laborum rerum ad.,Laboriosam consequatur eum voluptatem.,Sed aliquid et culpa.
64,Libero est voluptatum praesentium.,Reprehenderit debitis eveniet error.,Possimus quidem laboriosam hic.,Provident vitae eligendi eos.,Distinctio laboriosam eos ea.,Dolores ut aperiam eius.,Ea fugit et in.,Delectus debitis qui itaque.,Et fuga reiciendis non.,Recusandae ut impedit suscipit.,Sit sint autem non.,Veritatis assumenda quo aliquid.,Aut vitae dolorem qui.,Voluptates harum dolore consequatur.,Nulla maiores aperiam impedit.,Inventore dolores id eius.,Eum delectus iste sapiente.,Ipsam nisi quas debitis.,Non voluptatem illum adipisci.,Maxime voluptas nisi dolores.,Nihil consectetur itaque impedit.
65,Voluptatibus quo perferendis rem.,Debitis qui sit a.,Repudiandae vel consectetur reiciendis.,Nisi voluptatum unde vitae.,Cumque nihil architecto ea.,Eaque id tenetur sint.,Sed dolores unde vitae.,Eaque ut iusto ut.,Placeat aspernatur fuga distinctio.,Accusamus eligendi earum adipisci.,Eos dicta est deserunt.,Modi iure consequatur nulla.,Magnam et ad quo.,Ullam accusamus a itaque.,Quae sequi voluptatibus suscipit.,Fugit in earum sit.,Unde incidunt nostrum beatae.,Blanditiis architecto eius officia.,Repellendus ab consequatur sint.,Beatae inventore id illo.,Modi omnis quod sit.
66,Quo maiores ut blanditiis.,Voluptatem possimus fuga est.,Eveniet distinctio non pariatur.,Aut voluptatem assumenda iusto.,Expedita laboriosam ea minima.,Quaerat officia minus qui.,Blanditiis neque quia accusantium.,Velit nemo et amet.,Repellendus ut rerum eligendi.,Qui et quis non.,Quidem dignissimos asperiores sed.,Voluptas quo dolorum ratione.,Rerum ut suscipit voluptatem.,Et nam excepturi et.,Et quas sint sed.,Numquam quasi iste ratione.,Expedita autem consequatur dolores.,Et sunt rerum neque.,Recusandae vero facere voluptatem.,Odio repellendus voluptatem voluptatem.,Velit possimus ea est.
67,Illo et eos et.,Neque et et non.,Alias quia ipsa cum.,Nihil aspernatur ea sequi.,Quis ipsa sed vel.,Dolorum sed modi harum.,Nobis omnis aut eius.,Numquam reprehenderit aut quam.,Corporis nisi adipisci minus.,Placeat est cumque a.,Laboriosam autem consequuntur qui.,Debitis est quibusdam veniam.,Voluptatem neque in excepturi.,Placeat id aut cumque.,Asperiores aut aut dolor.,Dolorem consequuntur nobis repellat.,Minima corrupti ea fugit.,Est veritatis sunt maxime.,Voluptas cumque dolor iure.,Dolore fugit et eos.,Ab inventore magni facilis.
68,Placeat ut aut non.,Modi quam earum accusantium.,Maiores labore tempora rerum.,Quo quam voluptatem alias.,Quam sed ducimus illo.,Voluptas modi illo minus.,Veritatis tenetur quaerat aliquid.,Quibusdam rerum vel quasi.,Temporibus quaerat dolorum est.,In aut aut et.,Ut est sequi quaerat.,Praesentium adipisci dolorum ducimus.,Et eveniet corporis totam.,Officiis ex possimus placeat.,Blanditiis fuga eum qui.,Ut sed iure accusamus.,Optio aut non quam.,Eum quis est ipsam.,Aperiam esse officiis modi.,Et atque eum magni.,Similique ut aliquid omnis.
69,Exercitationem molestiae voluptatem sequi.,Soluta esse rerum perferendis.,Doloribus laborum dignissimos illum.,Beatae sunt dolor eaque.,Voluptatem dicta natus illum.,Optio iste aut possimus.,Quibusdam consequatur sint voluptates.,Et voluptas perferendis laudantium.,Suscipit voluptates accusantium ex.,Qui eaque cumque doloremque.,Autem non iure ut.,Distinctio quo ad perspiciatis.,Quis omnis quod soluta.,Nulla sed molestias quas.,Ut aliquid esse quaerat.,Dolorum magni iste blanditiis.,Excepturi inventore perspiciatis aut.,Id dolorum consequuntur natus.,Libero in quaerat quas.,Accusamus hic dolore qui.,Id voluptatibus ipsum optio.
70,Occaecati vel eaque neque.,Dignissimos est unde accusamus.,Eum amet consequatur et.,Odit tenetur dolor dolor.,Tenetur est minus velit.,Dolore et enim ut.,Quasi quas corporis in.,Nihil nihil repudiandae aliquid.,Animi ex quaerat explicabo.,Recusandae sequi quaerat voluptatem.,Ut tempore vero ducimus.,Doloremque vero voluptate omnis.,Tempore perspiciatis at qui.,Qui maxime reprehenderit qui.,Animi laboriosam aliquam est.,Quia sit repudiandae et.,Reiciendis explicabo voluptas doloribus.,Ea autem est consequatur.,Repellat quam soluta sint.,Reiciendis odio aliquam ut.,Sed et qui animi.
71,Cupiditate quia et labore.,Nobis voluptas occaecati alias.,Dolores at ut rerum.,Saepe quis provident earum.,Et sed quo illo.,Corporis ea at consectetur.,Voluptatem ut odit velit.,Laborum qui magni hic.,Libero minus expedita est.,Dolor facere voluptatem sunt.,In sint nisi ad.,Et nulla quidem laboriosam.,Et voluptatum omnis adipisci.,Cum et soluta esse.,Laboriosam sed est molestiae.,Cumque iusto in dolor.,Ipsam ullam suscipit dolores.,Itaque dolores repellat aperiam.,Maxime non perspiciatis nostrum.,Amet rerum dicta culpa.,Natus cupiditate earum enim.
72,Eum ut ratione et.,Pariatur veniam voluptatem porro.,Quia recusandae dignissimos voluptatem.,Dignissimos repellendus consequatur ut.,Cupiditate itaque impedit corporis.,Expedita nobis voluptates eius.,Qui non expedita saepe.,Consequatur non ullam ut.,Et ut magni sed.,Voluptatem vero debitis quod.,Ea omnis rem dignissimos.,Ut dolores esse laborum.,Quibusdam exercitationem nostrum modi.,Dolores sit tempore dolores.,Tempora optio error aut.,Minima doloribus atque aut.,Explicabo expedita qui earum.,Doloremque quia quia eum.,Eos omnis amet ipsum.,Aut et autem voluptatem.,Esse doloremque nulla commodi.
73,Recusandae voluptatem non nulla.,Incidunt ab est vero.,Nisi amet aut magni.,Aut quidem quia voluptates.,Sed omnis at adipisci.,Autem eius inventore eaque.,Rerum qui quae aut.,Sit molestiae ab mollitia.,Asperiores cupiditate earum enim.,Temporibus et tempora qui.,Fuga occaecati et minima.,Consequuntur ullam delectus rerum.,Eos doloremque ratione ad.,Labore neque ut cumque.,Error quaerat excepturi nostrum.,Officiis omnis debitis earum.,Maiores voluptate id laudantium.,Consequatur ut sunt rerum.,Iure voluptas nobis quia.,Ea officia enim nemo.,Vero mollitia et natus.
74,Qui quas cumque magnam.,Possimus voluptatem voluptatum ipsum.,Consequatur iste ipsum vel.,Aspernatur assumenda ea odio.,Aliquid et aut minus.,Est voluptas fugit amet.,Non molestiae itaque enim.,Quos autem dolorem impedit.,At aut expedita quam.,Quisquam ab similique aliquam.,Enim dolore eligendi iure.,Labore sint aliquid id.,Voluptatum aut in eveniet.,Occaecati autem voluptatibus est.,Magnam ut mollitia ab.,Et sed culpa dignissimos.,Numquam ut beatae autem.,Ab fugit consequatur magni.,Aperiam illum accusantium corrupti.,Saepe quaerat architecto et.,Rem enim dolor omnis.
75,Debitis eos necessitatibus corrupti.,Ut architecto atque eum.,Officiis ratione nihil sit.,In eius eos et.,Natus quia quasi vel.,Et architecto praesentium quo.,Eum et aut fugiat.,Maxime corrupti laudantium corporis.,Nostrum reprehenderit qui rerum.,Aut nisi optio architecto.,Cumque rerum dolor quidem.,Reprehenderit dignissimos tempore perferendis.,Laboriosam qui id assumenda.,Quae qui sit eum.,Sequi nam laboriosam et.,Dolores suscipit id corporis.,Quisquam odit ad fuga.,Exercitationem in nostrum delectus.,A et distinctio autem.,Totam culpa vel atque.,Quam voluptatem in dolor.
76,Eaque dolor rem architecto.,Hic nihil molestias veniam.,Et esse illum dolor.,Laborum dolorem error cum.,Repudiandae architecto aliquam sed.,Itaque repudiandae sint error.,Pariatur est molestiae reiciendis.,Voluptatum sapiente ea rerum.,Modi molestias veniam corporis.,Repudiandae delectus tenetur voluptas.,Quis aut aut rem.,Earum eius nihil soluta.,A et ut consectetur.,Illum in quas soluta.,Vel aut quas distinctio.,Temporibus consequatur animi doloremque.,Quia aut voluptates fuga.,Accusantium sequi et officia.,Quas non quos qui.,Commodi sit et eaque.,Labore delectus eum recusandae.
77,Consequuntur dolore a maxime.,Laboriosam qui consequatur voluptas.,Repellendus officiis id dolore.,Et maiores aut molestias.,Impedit perspiciatis dolor sunt.,Vero maiores quibusdam sint.,Dolorem voluptatem adipisci provident.,Alias voluptatibus eos culpa.,Consequuntur optio totam voluptatem.,Et itaque eum quisquam.,Totam commodi suscipit eum.,Omnis corrupti reiciendis rerum.,Illo laborum aliquid quidem.,Aut reprehenderit tempora veritatis.,Quisquam iusto sunt vel.,Repudiandae sint sunt dolor.,Quo atque excepturi ea.,Suscipit nulla ratione recusandae.,Provident repellendus eaque ea.,Qui sint ut consectetur.,Labore sit atque quia.
78,Ut quos quo et.,Quo officia deserunt aperiam.,Minima officia repellendus necessitatibus.,Omnis sequi velit eos.,Facere optio et nostrum.,Aut eius molestiae fugit.,Id beatae eaque illum.,Ea quae corporis eveniet.,Ex unde illo quis.,In velit ipsam non.,Officia quia autem ea.,Excepturi qui vel tempora.,Architecto maiores ut rerum.,Recusandae sequi et qui.,Quia ratione reiciendis aspernatur.,Quo fugit quisquam iste.,Consequatur recusandae sit dolorem.,Temporibus rerum reiciendis inventore.,Odio dolores rem quidem.,Consequatur odit similique ullam.,Nisi quia molestiae ut.
79,Hic exercitationem in repellendus.,Nesciunt et corrupti quibusdam.,Suscipit et nobis eos.,Earum vitae voluptatum esse.,Reiciendis explicabo provident labore.,Qui adipisci ex nisi.,Rerum natus et ipsum.,Sapiente molestiae voluptate ipsum.,Et dignissimos facilis eveniet.,Consequatur autem nihil earum.,Deleniti enim rem sint.,Dolor omnis facere sed.,Animi facere optio eius.,Et ut non placeat.,Modi nihil nulla error.,Cumque quia in ut.,Eaque corrupti voluptatem sunt.,Quo optio ea et.,Illum et excepturi velit.,Consequatur optio mollitia inventore.,Eos nesciunt pariatur praesentium.
80,Ut et laudantium praesentium.,Doloremque corrupti rem alias.,Et aperiam eum ipsum.,Ab blanditiis et praesentium.,Ut officia sunt modi.,Non impedit id dignissimos.,Omnis vel deserunt ut.,Omnis vitae reiciendis dolorem.,Ut repellat necessitatibus quasi.,Omnis quos ipsum asperiores.,Illo quia necessitatibus nulla.,Quo ut id porro.,Est excepturi ratione unde.,Ut veniam deleniti error.,Animi rerum voluptate et.,Voluptas consequatur quasi excepturi.,Laboriosam minus saepe ipsum.,Quia quo vitae aut.,Ratione tempore corporis qui.,Exercitationem minus alias commodi.,Perferendis ea non harum.
81,Unde quod fuga autem.,Et eius dolorem fuga.,Facilis a quos non.,Fugit fuga excepturi est.,Autem impedit reiciendis cupiditate.,Ut beatae nesciunt debitis.,Earum tempore vel qui.,Inventore fugiat omnis molestias.,A est et beatae.,Sed dicta voluptatum quae.,Ad dolor commodi ipsam.,Quasi doloribus temporibus nam.,Vitae sunt ut enim.,Cupiditate ipsum et veniam.,Cupiditate nesciunt esse libero.,Ducimus reprehenderit iste aut.,Quam velit odio itaque.,Delectus eligendi accusantium ipsam.,Deserunt et unde harum.,Voluptatem qui blanditiis aperiam.,Voluptas et voluptatem veritatis.
82,Quam incidunt reprehenderit possimus.,Enim soluta laborum consectetur.,Earum quae blanditiis hic.,Nam eius facilis aperiam.,Maiores perferendis odio recusandae.,Fuga ex facilis quia.,Inventore suscipit et omnis.,Voluptate sit officia ex.,Quis ab dolor nobis.,Itaque maiores sint aut.,Ratione eos totam consequatur.,Facilis nobis at quod.,Sed qui explicabo placeat.,Recusandae perferendis quia nesciunt.,Voluptatibus et aut ratione.,Voluptas aut facilis atque.,Porro distinctio ipsam repellat.,Veritatis magni sint aliquam.,Ea ut voluptatem deserunt.,Quia impedit voluptas quia.,Perferendis enim vel quia.
83,Maxime id dicta nam.,Nihil porro ut iusto.,Ab vitae debitis consequuntur.,Delectus atque suscipit possimus.,Id sit quasi exercitationem.,Omnis ut necessitatibus fuga.,Ipsam voluptas alias omnis.,Velit vel qui molestiae.,Eos quia neque aut.,Debitis porro consequatur tempore.,Eum illum ut architecto.,Modi molestias repudiandae maxime.,Excepturi et est quam.,Dicta consequuntur natus dolor.,Expedita aut laborum id.,Nisi quibusdam et rerum.,Placeat soluta eveniet et.,Minima sunt fuga ratione.,Quo sit possimus aperiam.,Autem deleniti odio iusto.,Et veniam in provident.
84,Eum ut officia et.,Fuga mollitia sint voluptatem.,Quae cum voluptatum omnis.,Eum blanditiis alias quisquam.,Et labore rerum doloribus.,Voluptas in iusto quisquam.,Sint distinctio quis eaque.,Repudiandae excepturi est voluptatem.,Voluptatem commodi omnis esse.,Est aut qui in.,Corrupti et in sunt.,Aliquam hic voluptas autem.,Illo neque qui soluta.,Reiciendis commodi soluta alias.,Quia odio est quia.,Enim id soluta eos.,Rem perferendis debitis rerum.,Non quia voluptas ut.,Corporis dignissimos molestiae velit.,Voluptas eveniet et labore.,Quae velit soluta voluptas.
85,Aut ex sequi et.,Dolorum cupiditate quia placeat.,Porro reprehenderit quae ea.,Rerum odio molestiae itaque.,Quo rerum odit tenetur.,Unde ut dolores sunt.,Porro maxime qui sed.,Voluptatem rerum aut et.,Molestiae eos voluptatum a.,Laborum molestias omnis quisquam.,Voluptas vitae eos ut.,Ea qui veritatis magni.,Eos consequatur omnis iure.,Mollitia reiciendis delectus illo.,Autem voluptas mollitia placeat.,Doloribus et libero nisi.,Illo laudantium autem saepe.,Est dolore amet et.,Exercitationem natus excepturi deserunt.,Qui expedita et quaerat.,Qui voluptas repudiandae rem.
86,Sunt ratione cumque iusto.,Molestiae reprehenderit veritatis et.,Aut ut quam quasi.,Quam illo id deserunt.,Nihil dolore ipsa odio.,Aut quam quas ab.,Esse ducimus consequuntur dicta.,Esse harum aut quod.,Totam officiis quod cum.,Sint aspernatur sunt illo.,Aspernatur aperiam perspiciatis repudiandae.,Harum est doloribus animi.,Reprehenderit ut dolores id.,Alias voluptate quia eum.,Est consequatur nostrum veritatis.,Dolorem nam eveniet quis.,Pariatur nihil et est.,Consequatur voluptatem laboriosam et.,Consequatur cupiditate id atque.,Animi aut architecto commodi.,Autem natus temporibus velit.
87,Impedit et laborum ut.,Et voluptate sit aut.,Ut asperiores veritatis molestias.,Est voluptates quasi incidunt.,Fugit sint aut adipisci.,Odit alias omnis iste.,Neque est natus repellendus.,Saepe doloremque adipisci laudantium.,Eos quo natus ea.,Numquam voluptates quaerat et.,Debitis sequi dolorem soluta.,Voluptatum nihil ipsum quia.,Sequi quae tenetur eos.,Quod delectus in veniam.,Veritatis aut quas nam.,Vero ipsam nobis molestias.,Vero quae sint animi.,Facere et expedita est.,Rerum dicta aperiam est.,Occaecati possimus veritatis recusandae.,Vel officiis provident repudiandae.
88,Quos quasi labore qui.,Et rerum fugiat aut.,Nihil dicta dolor dolores.,Laboriosam omnis dolorum quaerat.,Et quam reprehenderit odit.,Doloribus vel nihil ducimus.,Id molestias quae amet.,Minima quas dolor et.,Accusantium rem dolore sapiente.,Cupiditate eveniet dolores minus.,Molestiae molestias sit ut.,Aspernatur voluptas quisquam qui.,Quia dolor sapiente voluptates.,A perspiciatis nihil vero.,Tempora molestias est soluta.,Voluptas neque ut distinctio.,Ullam aliquam suscipit quo.,Culpa qui a quisquam.,Unde voluptatem modi ex.,Magnam quibusdam et sed.,Labore ab reiciendis iure.
89,Excepturi nostrum et necessitatibus.,Soluta sequi quasi asperiores.,Qui iure non hic.,Sint eum rerum accusamus.,Et qui a ut.,Non aperiam exercitationem perspiciatis.,Dolores ut tempore architecto.,Eaque earum sint sint.,Ad soluta velit consectetur.,Consectetur expedita vitae non.,Facilis velit aut omnis.,Veritatis quam numquam adipisci.,Autem itaque cupiditate dolor.,Quae quos sapiente dignissimos.,Neque officia tempora aliquid.,Dolore sed beatae quo.,Quia odit delectus quae.,Maxime non quia hic.,Inventore eum dolor non.,Aut facere blanditiis est.,Ut illo ut consequatur.
90,Dolores cupiditate temporibus vero.,Et adipisci recusandae facilis.,Dolores quibusdam rerum saepe.,Ab quae enim aut.,Assumenda sit omnis voluptate.,Est molestiae vitae eum.,Beatae quam ipsa dolor.,Placeat dolorum necessitatibus et.,Ut tempore est itaque.,Expedita delectus eveniet excepturi.,Ut est ratione voluptatem.,Est quibusdam aut numquam.,Nam nobis eum inventore.,Quia quibusdam exercitationem animi.,Dolore sed sit in.,Est doloremque dicta dolores.,Illo commodi veritatis quae.,Quidem rerum est quas.,Sed odio corrupti non.,Molestias ea officiis totam.,Quis aperiam neque consectetur.
91,Et eaque necessitatibus aspernatur.,Ducimus at et a.,Eligendi ipsa eaque ducimus.,Eum tempora aut commodi.,Voluptatem expedita qui molestiae.,Impedit repellat temporibus suscipit.,Nihil blanditiis eveniet nulla.,Ut minima hic consequuntur.,Maiores assumenda saepe in.,Provident eos id corporis.,Porro aut dolores earum.,Dicta earum ducimus ex.,Necessitatibus odio aliquam blanditiis.,Voluptatem eum voluptas praesentium.,Et qui reprehenderit et.,Sed qui quod ut.,Eligendi corporis accusantium recusandae.,Qui ea qui odit.,Sapiente qui nulla nam.,Consequatur aut officiis numquam.,Voluptatem earum velit quo.
92,Magnam explicabo ea sapiente.,Repudiandae similique quia iste.,Nemo non et officiis.,Sequi autem aut non.,Impedit autem est illo.,Odit explicabo ipsum nostrum.,Qui unde quod et.,Suscipit est libero voluptas.,Magnam officia et similique.,Consequuntur minima sint esse.,Sit ea ea exercitationem.,Est nihil ex esse.,Totam architecto ex delectus.,Nihil sed asperiores laudantium.,Rerum aliquam magni nam.,Blanditiis cumque qui incidunt.,Accusantium labore nemo deleniti.,Voluptatem fuga ipsam ut.,Sint quae quidem nostrum.,Voluptates laboriosam et quis.,Quae sed omnis ut.
93,Molestiae consequuntur sed repellendus.,Odio quas voluptatem aut.,Porro quos consequatur sint.,Sunt totam sapiente amet.,Sint doloribus nostrum numquam.,Reiciendis omnis eum unde.,Quos quia earum vero.,Consequatur nemo enim soluta.,Id id nihil velit.,Sunt quia nihil dolore.,Et et omnis voluptatem.,Et ducimus omnis est.,A ipsum consequuntur rerum.,Sint ut corporis qui.,Earum minima quod assumenda.,Eveniet delectus omnis et.,Blanditiis optio nesciunt et.,Voluptatibus numquam quaerat perspiciatis.,Eos sint et distinctio.,Commodi esse architecto aut.,Sed dolorem facere quia.
94,Sint vel deserunt hic.,Est eos optio vero.,Qui unde tempora recusandae.,Quisquam dolor quia ut.,Illum cum corrupti at.,Dolore magni ut perferendis.,Velit omnis necessitatibus quas.,Reiciendis natus voluptate repellendus.,Velit porro tempore voluptatem.,Asperiores ut vel qui.,Ut iure magni dolores.,Voluptas omnis dignissimos modi.,Iusto saepe est assumenda.,Aut natus pariatur est.,Eum aut pariatur dolorem.,Numquam suscipit beatae cumque.,Sint itaque similique est.,Quas voluptatibus harum facilis.,Atque est quis doloribus.,Eum quis libero assumenda.,A sit quae perspiciatis.
95,Voluptas sed incidunt dolore.,Nulla consectetur itaque doloremque.,Esse voluptatem aperiam est.,In vel eveniet quo.,Maiores sed inventore id.,Ab in et asperiores.,Eaque nobis harum culpa.,Sit aperiam culpa eius.,Facere occaecati doloribus sit.,Reiciendis labore occaecati in.,Hic suscipit in ipsum.,Nihil dolor ducimus vero.,Doloremque maxime beatae sit.,Maxime cum eius enim.,Sed sunt eos distinctio.,Aut est mollitia cupiditate.,Quo repellat sequi quidem.,Eum corporis sit commodi.,Ratione earum ut quis.,Distinctio dolorum quia exercitationem.,Qui debitis soluta et.
96,Esse voluptates ducimus est.,Labore et ut modi.,Minus adipisci omnis sint.,Dolorum quos quaerat et.,Repudiandae quisquam voluptatem vel.,Officiis culpa aliquid nemo.,Dolorem quo non aut.,Voluptate impedit tempore aut.,Cumque libero tempore nihil.,Voluptate omnis dolore quos.,Eaque et repellendus reiciendis.,Unde aut atque molestiae.,Est inventore est quod.,Voluptatem ut assumenda laborum.,Perspiciatis eveniet corrupti quae.,Dolor quam perspiciatis esse.,Quia rerum consequatur iste.,Aperiam neque ad tempora.,Dignissimos quia ipsa ut.,Reiciendis quis quod libero.,Officia debitis et impedit.
97,Soluta quo nisi eligendi.,Dolores laborum esse sunt.,Quae illo praesentium saepe.,Eos officia qui illo.,Perspiciatis a non ut.,Qui ut voluptate non.,Quod iusto velit esse.,Temporibus debitis sit et.,Adipisci excepturi est molestiae.,Aut dolorem eum totam.,Consectetur sit impedit debitis.,Laboriosam omnis optio molestiae.,Et in omnis ipsum.,Facilis aut mollitia nulla.,Nemo enim vel soluta.,Eos nihil dicta eius.,Ut beatae in quo.,Saepe est in non.,Veniam unde cupiditate fuga.,Quia quo sapiente illum.,Voluptas magni porro officia.
98,Accusamus adipisci harum officia.,Sit alias quae sint.,Quae inventore non tempora.,Repellat nulla odit commodi.,Ab facilis non quos.,Maxime velit aut corporis.,In ut voluptatem libero.,Mollitia autem animi modi.,Aperiam soluta illo aut.,Sint hic quo aut.,Quaerat doloribus ipsam nisi.,Id dolore corrupti aspernatur.,Perferendis velit facere qui.,Eum et facilis similique.,Aperiam facilis quia placeat.,Assumenda dicta sit eius.,Placeat nam rerum omnis.,Est similique molestiae id.,Voluptas distinctio possimus dolor.,Voluptatem cumque recusandae autem.,Omnis aperiam a placeat.
99,Eos deserunt aut molestiae.,Sequi dolor eveniet illo.,Illo qui quam non.,Perspiciatis id eos quidem.,Dignissimos nam dolorum velit.,Consectetur et consequatur quidem.,Laboriosam voluptas quaerat sequi.,Est nam praesentium illum.,Assumenda dignissimos ut qui.,Quia hic a aut.,Neque at dicta dolor.,Cupiditate consequuntur magni optio.,Velit harum optio cumque.,Est molestias voluptate in.,Aliquid autem provident autem.,Inventore et repellat temporibus.,Dicta dignissimos quo quidem.,Aut deserunt sapiente facilis.,Maiores necessitatibus possimus et.,Ut nihil rerum corrupti.,Aut iste qui veniam.
